Artist name,Artist id,Track name,Track popularity,Genres,Followers,uri
How To Dress Well,4jLcgJjDGmW0HmvbSf6lEI,Lost Youth / Lost You,0,"['alternative r&b', 'indie r&b']",88444,spotify:track:70VLScXjTjuAkQqItcAwMu
Vitalic,4M84umUNRbZy1mJleyyRM9,Waiting For The Stars,0,"['electroclash', 'french house', 'electro', 'electronica']",329028,spotify:track:2W7W7y4vdxD8Dg0bbQBHov
Fabián D Cuesta,3NOAlABNpDcz4WxKSiBTh7,Turista,0,"['singer-songwriter', 'symphonic rock']",4951,spotify:track:1kFFeyjsC72US0U7Gf0joU
Vitalic,4M84umUNRbZy1mJleyyRM9,Waiting For The Stars,0,"['electroclash', 'french house', 'electro', 'electronica']",329028,spotify:track:2W7W7y4vdxD8Dg0bbQBHov
Roy Orbison,0JDkhL4rjiPNEp92jAgJnS,Crying,0,['rockabilly'],2191906,spotify:track:1LXIGfDrobAa9y0kYT9BLJ
The xx,3iOvXCl6edW5Um0fXEBRXy,On Hold,0,[],3829208,spotify:track:4w2iAP3X4FkpPb5kjRdIDx
Peter Bjorn and John,6u11Qbko2N2hP4lTBYjX86,What You Talking About?,0,['indie'],417375,spotify:track:2kwCUGHZM2trtIhArFpixk
Dinosaur Jr.,267VY6GX5LyU5c9M85ECZQ,Start Choppin',0,"['noise rock', 'grunge', 'alternative rock', 'power pop']",569890,spotify:track:5vlvuYDeC10hTC82qT6In3
Jagwar Ma,6fEO1r9Y9TYL9O4w5kVPmc,Slipping,0,[],100727,spotify:track:2xuqGEBPooKdt2xD3uMhRf
Major Lazer,738wLrAtLtCtFOLvQBXOXp,Get Free - Andy C Remix,0,['moombahton'],6267121,spotify:track:2qdczP0o51xucNiPv0yleN
Local Natives,75dQReiBOHN37fQgWQrIAJ,Dark Days,0,[],661606,spotify:track:4LGB6LWQ54QGA889cG25kG
The Church,2ZfogSsOWP4mVfEqfpLXCt,Under The Milky Way,0,"['jangle pop', 'new wave', 'post-punk', 'dream pop']",259687,spotify:track:7fCa8GRIOfDIqbHTqpLzZI
Craig Finn,78DZaDfOK3i88eRVPkzZu2,Tracking Shots,0,[],22094,spotify:track:1j4IFxpV3aEqisdhgxSFUH
Tears For Fears,4bthk9UfsYUYdcFyqxmSUU,Shout,0,"['new wave', 'synthpop']",3824613,spotify:track:5TXAySV8WBjAIMg3lPDCLN
Bauhaus,5N5tQ9Dx1h8Od7aRmGj7Fi,Slice of Life,0,"['post-punk', 'deathrock', 'darkwave', 'cold wave', 'new wave']",975384,spotify:track:0lb32cs6ztNypiaEefHdLR
Allman Brothers Band,4wQ3PyMz3WwJGI5uEqHUVR,Midnight Rider,0,"['southern rock', 'classic rock', 'blues rock', 'country rock']",1739366,spotify:track:5RfhUFcQBeonzqLRhU8gvK
Midlake,4YsP5zmteLQ7etNjHAOu30,Head Home,0,['chamber pop'],144838,spotify:track:0SgdOI8fZ5uKygS246eKTo
Clayhill,6hHnwefcNwrW92vAKNChp4,Please Please Please Let Me Get What I Want,0,[],3281,spotify:track:7vi3Rp9R3C8NFvbrYI2heS
Bag Raiders,6fXEqmGQEt6ONuqVmwrN46,Shooting Stars - Original Mix,0,['alternative dance'],246945,spotify:track:0qZDOfTqF4OGaako5PopdQ
The War On Drugs,6g0mn3tzAds6aVeUYRsryU,Strangest Thing,0,['indie rock'],981613,spotify:track:4Dl4Va8lCTWEVfNEx7WqzT
U2,51Blml2LZPmy7TTiAg47vQ,Trip Through Your Wires - Remastered 2007,0,['rock'],13117100,spotify:track:45nrovd5y6A6OCXyPvPFId
The Shoes,6buUuVTdxxAe5ODJtKZ4hP,Time to Dance - Rocky Piano Mix,0,['electronic rock'],54481,spotify:track:7gh1qyKcF1UxvQrIGtu1Ap
Luna,2AACqFGo8offvHCKGvrWxq,Fire in Cairo,0,['jangle pop'],57204,spotify:track:4Fkzc4iJVzo7mzOBUgwj9f
Nick Cave & The Bad Seeds,4UXJsSlnKd7ltsrHebV79Q,Death Is Not the End - 2011 Remastered Version,0,[],1515160,spotify:track:4Ljx5WO0WWxQNFqFgXnjjq
Montell Jordan,0iVrCROxeyon7MZUW3MfzT,This Is How We Do It,0,['new jack swing'],923797,spotify:track:443VARdacv4KDvymFkZ8Mt
St. Vincent,7bcbShaqKdcyjnmv4Ix8j6,New York,0,['art pop'],940578,spotify:track:1187w3EfxkIOeh4nqvy2sm
Say Hi,2da7ehIX9lFyIDqmjqVZvS,Oh Oh Oh Oh Oh Oh Oh Oh,0,[],42962,spotify:track:450JYpIA414XrVGB17NXLT
Ariel Pink,5H0YoDsPDi9fObFmJtTjfN,Feels Like Heaven,0,['psychedelic pop'],333533,spotify:track:1QNVXjc0OZXlKef6djHnXR
DJDS,0orEyXhG0KnPEDVgpctNJI,Why Don't You Come On,0,[],14049,spotify:track:53H37Z5dWtXdkltA4zHsE7
Kamaiyah,3XVpDdKav6C6zwlDXPhMEO,Mo Money Mo Problems,0,['hyphy'],188213,spotify:track:1wipKTkY1AyBENEuNoyRBq
Tune-Yards,0asVlqTLu3TimnYVyY5Jxi,Bizness,0,['art pop'],226582,spotify:track:78AaMLOriBZuohWdUV3IzE
Ian Gillan,4QCflfSOonkybNw5D7GqGk,Everything's Alright - Reprise,0,['musicals'],54543,spotify:track:6FMUO0qi4hOKxbPsfowpfY
Editors,6e9wIFWhBPHLE9bXK8gtBI,Magazine,0,[],758799,spotify:track:6hVZcLTExWAaodoqW2wLtf
Visage,0EPf9vAXPdFV5Ezp1sMX8B,Fade To Grey,0,"['synthpop', 'new wave']",233151,spotify:track:6rvXznPVt21K7Adhw9zKEJ
Suede,6PHIK3kjWggLtVygsOtpqS,Animal Nitrate,0,['britpop'],511515,spotify:track:6xbqbG8quMT88zadubrWtl
Lori Meyers,3mOsjj1MhocRVwOejIZlTi,Alta Fidelidad,0,['indie'],302271,spotify:track:6yBHR0esuWE4zr0A02qeKY
Oasis,2DaxqgrOhkeH0fpeiQq2f4,Cast No Shadow,0,"['britpop', 'madchester', 'rock']",11398118,spotify:track:5idxI74LP1QrwcMEzw4hkP
Tears For Fears,4bthk9UfsYUYdcFyqxmSUU,Ideas As Opiates,0,"['new wave', 'synthpop']",3824613,spotify:track:5Mqx8wlnotJ0zJLWZCf1ve
WAS,0Vy8ogc0toTWyui4W7FEB6,All About the Music,0,[],4574,spotify:track:6LJtbogXZNVpjIxb88HvyA
TWICE,7n2Ycct7Beij7Dj7meI4X0,What is Love?,0,['k-pop'],21604923,spotify:track:5m95gCTAiHshTaajznt5fA
Ryan Adams,2qc41rNTtdLK0tV3mJn2Pm,Do You Still Love Me?,0,"['alt country', 'americana', 'singer-songwriter']",576715,spotify:track:2lz8pL2v1G6FOr9JHZnZsI
Cora Novoa,3PQuCFd5KBN1aPRUMIBjt7,Golden Apples - Original Mix,0,[],8132,spotify:track:0Ik5kegsd9xawPGn4Newk3
David Bowie,0oSGxfWSnnOXhD2fKuz2Gy,Ziggy Stardust - Live,0,"['glam rock', 'art rock']",11278035,spotify:track:2ttJpyK7P6nfymZcfkT7aG
Asian Dub Foundation,2EeUsNnv2BcVIGhBZ5SV8z,Semira,0,"['dub', 'big beat']",117048,spotify:track:6e3OztXorSnyGi6BfAsAiE
Felix Jaehn,4bL2B6hmLlMWnUEZnorEtG,Book Of Love (feat. Polina),0,['tropical house'],1301667,spotify:track:75GsBUERypMbXKnvIEAszl
Passenger,0gadJ2b9A4SKsB1RFkBb66,Let Her Go,0,['folk pop'],3596831,spotify:track:4AsFCxjsEl5yJxnD8tdFFf
Steve Miller Band,6QtGlUje9TIkLrgPZrESuk,Serenade,0,['classic rock'],3204997,spotify:track:1J6fYNJNFdY1DKN2fWUyZ9
Marvin Gaye,3koiLjNrgRTNbOwViDipeA,Got To Give It Up,0,"['motown', 'soul', 'northern soul', 'quiet storm']",5710241,spotify:track:1cQBO3VJxv6RWmCsB5KSOI
Benjamin Clementine,7zHIrsSBL7A0gEJfzv1m7z,London,0,['art pop'],388162,spotify:track:0rwqlRQZvt4YCTecPrpOiY
João Gilberto,77ZUbcdoU5KCPHNUl8bgQy,Amor certinho,0,"['bossa nova', 'brazilian jazz', 'samba', 'latin jazz', 'cool jazz', 'jazz', 'mpb']",669184,spotify:track:5ZkZeWPUKtLT19WKP1hosw
Manel,40tHhop0T30DwienQBmTxb,Sabotatge,0,[],149334,spotify:track:2Og0CPgPwzCpgkJN1lItAY
Band of Horses,0OdUWJ0sBjDrqHygGUXeCF,In A Drawer,0,[],1033779,spotify:track:67SutUSDHx1ZjSd2Kqz37w
Suicide,6uVeWolwyRDrT84lLsaZyW,Dream Baby Dream,0,"['proto-punk', 'post-punk', 'krautrock']",186378,spotify:track:3MmogIpfk1GVXRMmRjKLGI
The Temper Trap,4W48hZAnAHVOC2c8WH8pcq,Fall Together,0,[],742093,spotify:track:5D26M2BX03PlFpxqPQV1sv
The Maccabees,0vW8z9pZMGCcRtGPGtyqiB,Spit It Out,0,[],372717,spotify:track:4CXwWowaVZh879vWnWCQPs
C Duncan,0x3sTIYnP56TnL6bbyMU2i,Say,0,[],28363,spotify:track:2wOMCoPjEMu3JfpSPuAvdi
Felix Jaehn,4bL2B6hmLlMWnUEZnorEtG,Ain't Nobody - Loves You Better,0,['tropical house'],1301667,spotify:track:5GyGp5VOo1m5QeIIXKoHbc
trentemøller,4O71i7ke5iIBX6RNSFoZbS,River in Me,0,"['minimal techno', 'electronica']",400218,spotify:track:1rDjE1UGzEvRwxIjOQh5Yi
Grimes,053q0ukIDRgzwTr4vNSwab,Flesh without Blood,0,['art pop'],2534224,spotify:track:4ZcGbQ5dOKX6rJk4yvza9R
White Lies,6ssXMmc5EOUrauZxirM910,Take It Out on Me,0,[],527739,spotify:track:3wqT6ltLITKqKOWF9V7BMn
Bon Iver,4LEiUm1SRbFMgfqnQTwUbQ,33 “GOD”,0,['indie folk'],3824509,spotify:track:1LfWibYjk0TD8YNPtzym9A
Kurt Vile,5gspAQIAH8nJUrMYgXjCJ2,Pretty Pimpin,0,[],529571,spotify:track:3l9eg9RtisizG12a1D6nZl
David Bowie,0oSGxfWSnnOXhD2fKuz2Gy,'Tis a Pity She Was a Whore,0,"['glam rock', 'art rock']",11278035,spotify:track:0v60rM2HLSatgUyVZDrLwm
EL VY,3zsR0Nsw8G2KuzKSdmosPI,"Return to the Moon (Political Song for Didi Bloome to Sing, with Crescendo)",0,[],75945,spotify:track:1pKeRK6rB2lsIzCySm4NUg
Crystal Fighters,75EZuo5MHV2572NRpMWotC,All Night,0,[],354667,spotify:track:5a5CNtq6BTvgLcWUg2oDTR
The Smiths,3yY2gUcIsjMr8hjo51PoJ8,Bigmouth Strikes Again - Live,0,"['new wave', 'madchester', 'jangle pop']",7054322,spotify:track:0NozEhQWSmgcNbiVSecxH9
Dan Sartain,6AZ4TQhtH9GsoTFe2CxR2n,Pass This On,0,['garage rock'],11144,spotify:track:3rZdJC3GUk2AL9I4VX0X1X
Pillow Person,7JLNe8RaswarHnCBxNgbe2,Go Ahead,0,[],5523,spotify:track:38ZnskF9kyNhbtagvJ7b7o
Kendrick Lamar,2YZyLoL8N0Wb9xBt1NhZWg,untitled 06 06.30.2014.,0,"['hip hop', 'west coast hip hop']",39622404,spotify:track:3cmW5eArAwzxsOsSaHBC8j
Low,0wz0jO9anccPzH04N7FLBH,Lies,0,"['slowcore', 'dream pop', 'post-rock']",277724,spotify:track:1rzv9iCRz3PX1KR0oIM5z3
!!!,1mmehjf7eHA10uHMisZGJg,Freedom! '15,0,"['alternative dance', 'new rave', 'electroclash']",165082,spotify:track:3IcQQjnvQTrwwX2wV5QwtQ
DJ Crazy J Rodriguez,3n6DxOAaKCu5aR076SzKcp,Don't You Want My Bad Romance,0,[],15299,spotify:track:0zMlUmJD6Wy7bbJRseUmBu
Cameo,545idYhdloaSlLGBY8E9u2,Word Up,0,['funk'],659174,spotify:track:43r1dGvg8RkARjctRlSYNC
Hollywood Principle,6ldZGvFDjs6KafLouTBHJ9,Firework,0,[],23654,spotify:track:6szLqHKGtFLISbzOOawZ4h
The Avalanches,3C8RpaI3Go0yFF9whvKoED,Subways,0,[],568184,spotify:track:5WMiFgMoNciqWWh2HOI6lZ
ANOHNI,6VJZYivuYJGCrPuOAnI7Qo,Drone Bomb Me,0,"['chamber pop', 'art pop', 'baroque pop']",179271,spotify:track:2qIX2RvAbAvZ4VwGPmbhE3
Mystery Jets,09K1H1DgyIXHsMx2j7KTFX,Telomere,0,[],167026,spotify:track:19E2uNfG1Mez8c6sqGGbr8
La Habitación Roja,1PVE74Pf9ejCjOzdxlsHC6,You Gotta Be Cool,0,['indie'],126639,spotify:track:41kzHJMrW8rPdYUfvz8Tl8
Band of Horses,0OdUWJ0sBjDrqHygGUXeCF,Casual Party,0,[],1033779,spotify:track:3SDvhnNWx9vM6d2lIwwwwg
Aloe Blacc,0id62QV2SZZfvBn9xpmuCl,I Need A Dollar,0,[],742088,spotify:track:6q1qACcezH6eH77Xljh5QV
Lucho Bermúdez,5x1E6GVoNd2Haj7Jtvg3E0,Danza Negra,0,"['tropical music', 'cumbia']",52870,spotify:track:4v59GACyqPo6oS1cgK8AQO
Courtney Barnett,4OOlG5eBXSkSAAEeKjJb5Y,Nobody Really Cares If You Don't Go to the Party,0,[],607821,spotify:track:3UkoT8HGhrlYpmwaLw83EX
Beck,3vbKDsSS70ZX9D2OcvbZmS,Up All Night,0,[],1652955,spotify:track:0klua1U9FBgZXlEC80LXvt
Siouxsie and the Banshees,1n65zfwYIj5kKEtNgxUlWb,Hong Kong Garden,0,"['post-punk', 'darkwave', 'new wave', 'deathrock', 'cold wave']",1253930,spotify:track:6zQhANi5mDTELfSuUFPx4Q
Talco,443KHruraFfm6t1cK8SJCc,Danza dell'autumno rosa,0,"['ska punk', 'ska']",104458,spotify:track:5URdvc0ldwDebg1NGqZduh
The Bambi Molesters,1dRGueaS4tR1zmizinwXbx,Malaguena,0,"['surf rock', 'exotica']",12111,spotify:track:29j8O18EZi6i6Kdx3WZQD4
The 1975,3mIj9lX2MWuHmhNCA7LSCW,Give Yourself A Try,0,[],7691059,spotify:track:619pVMIK3WvX529JIkQTY3
Pigeon John,3RfeWhoxAqlNRNcywG7RJj,The Bomb,0,[],48394,spotify:track:7nrB9RHZrjtSjv98UXZ5cc
Christine and the Queens,04vj3iPUiVh5melWr0w3xT,Girlfriend (feat. Dâm-Funk),0,"['art pop', 'french pop']",725084,spotify:track:6PpbRUIbMyUbJkWHS3eQ8j
DIIV,4OrizGCKhOrW6iDDJHN9xd,Under the Sun,0,"['shoegaze', 'dream pop']",400013,spotify:track:3yR8cAdli5Ohn3dUlS1PgV
Negramaro,1X9iZlQXfAAx4Vvmlqeao7,Sei,0,['italian singer-songwriter'],1180290,spotify:track:0R7971qKgDfF8zvqCWtgF1
Negramaro,1X9iZlQXfAAx4Vvmlqeao7,Sei,0,['italian singer-songwriter'],1180290,spotify:track:0R7971qKgDfF8zvqCWtgF1
The National,2cCUtGK9sDU2EoElnk0GNB,The System Only Dreams in Total Darkness,0,['indie rock'],1664468,spotify:track:1HAzsv7VCvbgqrpenTRWj1
Khruangbin,2mVVjNmdjXZZDvhgQWiakk,Texas Sun,0,[],2058534,spotify:track:3k5oLgungD1dSOGLqQdIQw
Olivia Newton-John,4BoRxUdrcgbbq1rxJvvhg9,Physical,0,[],1706547,spotify:track:3hVrI7snZMTmHCnbwME47u
Khruangbin,2mVVjNmdjXZZDvhgQWiakk,Texas Sun,0,[],2058534,spotify:track:3k5oLgungD1dSOGLqQdIQw
The Young Punx,3gkX03yW2WrvcDMp04TKjN,Map of Tasmania,0,"['electro swing', 'nu disco']",6089,spotify:track:5317S2kRdE0tQFOqvtnuNu
Chimbala,4VVEpEhC8NcR7AqNEds42U,Rueda,0,['dembow'],661665,spotify:track:71NGDQ9vSPXm55pyWeAxKK
Seu Jorge,0i1s9WcIu0PrUvHzALgofo,Motoboy,0,"['mpb', 'samba', 'pagode']",1727285,spotify:track:3igPqdztX8cbaBwhXvOqCy
Tame Impala,5INjqkS1o8h1imAzPqGZBb,Reality In Motion,0,"['indie', 'psychedelic pop']",8715911,spotify:track:4PFMCTG5u4xNc9B1HPtzI1
Teenage Fanclub,2Sp19cOHSqAUlE64hekARW,Sparky's Dream,0,"['power pop', 'jangle pop', 'britpop']",150373,spotify:track:1yRvKs56kf5QzWelHfKAS8
The Strokes,0epOFNiUfyON9EYx7Tpr6V,Brooklyn Bridge To Chorus,0,"['garage rock', 'indie rock', 'alternative rock']",6194424,spotify:track:5gzm0zFeHjYfteQu7x2uus
HAIM,4Ui2kfOqGujY81UcPrb5KE,The Steps,0,[],1384870,spotify:track:4JOkWaNiPjycCHgYuiJjzy
Efecto Pasillo,6CSa1r92LtHHdLG6kRabU3,Cuando me siento bien,0,[],389892,spotify:track:5RnIhMDBrItR8pe4sh7hXR
Ginebras,5w3bs8jNvbb0QHf5Lo0sva,Con Altura,0,[],69973,spotify:track:6IUcgkyvBqclTPgHz3ljTR
The Go! Team,6veTV9sF06FBf2KN0xAdvo,Mayday,0,['alternative dance'],91248,spotify:track:4ivuQzVn4rgYOrw8GtUrPH
The Devlins,2iEzHy2OpgKEdTiYXA0rJv,Waiting,0,[],9019,spotify:track:3VLsoDP8Ea6RCXOjnohdad
alt-J,3XHO7cRUPCLOr6jwp8vsx5,Taro,0,"['indie', 'indie rock']",3389632,spotify:track:36ylLzMtvJ2CItc7bN4TcF
Jungle,59oA5WbbQvomJz2BuRG071,"Heavy, California",0,[],1652153,spotify:track:0Gpq0lllEPZf98gVo9C4uS
Moloko,4aaBjq7VqqQvpSF69GglvO,Sing It Back,0,['trip hop'],480065,spotify:track:49KhCrRQZG2PFikixwpNTi
Skream,2jbP92oFLWqPqogflK1wlW,"You Know, Right? - Original Mix",0,['dubstep'],137266,spotify:track:7B3LbhQczo9nkPhOhO16gD
Todd Terje,49gaZqfow2v8EEQmjGyEIw,Johnny and Mary,0,['nu disco'],258512,spotify:track:3AsLKjKWlv1oCNWv92VqG4
Fickle Friends,1nhSLEYdoBHG6cJ8NDwoF1,Million,0,['indie pop'],136837,spotify:track:2PTnS24qtSaVveCaoffpEY
Robert Palmer,530Sdm7eqqzWBdDmILMgnu,Johnny And Mary,0,[],1067974,spotify:track:3VHFkxbekZQF7xLRd7KjgL
Baio,50lhyY7UVI9NyVHl79rVgk,"Endless Me, Endlessly",0,[],29744,spotify:track:0BBbB7vUjS51TZ25iaXeld
The Fake Arts,5S6qkfgH9rzovFfDABPjn0,Let It Rain On Me,0,[],1115,spotify:track:0x8UgNUNf58U2zf9XC8hPl
Nicholas Britell,18oYqNtcLUHrqO7LfX7qni,Succession - Main Title Theme,0,[],158562,spotify:track:3jI7Yeg7a2d7BMc8CxABVM
The Go! Team,6veTV9sF06FBf2KN0xAdvo,Mayday,0,['alternative dance'],91248,spotify:track:4ivuQzVn4rgYOrw8GtUrPH
Pau Corea,4ojsgMdSCtj1w9PuBB4ugG,La cumbre,0,[],1090,spotify:track:1rHG2OlI02wLPbQK5jiOoS
Lesley Gore,08b2PA6eFyugsWAk41eQKZ,You Don't Own Me,0,[],419474,spotify:track:0iaFePL0pnS45yBS8sy3Jd
Carla Morrison,0XK6kT7xcZAlcYrNjOgzJe,Disfruto,0,['latin indie'],4704437,spotify:track:6DO3GVrBRPrSUbuLHGnQzr
alt-J,3XHO7cRUPCLOr6jwp8vsx5,Taro,0,"['indie', 'indie rock']",3389632,spotify:track:7EDMvrb5PA5TP0VQ8z9p82
Charli xcx,25uiPmTg16RbhZWAqwLBy5,Good Ones,0,"['hyperpop', 'art pop']",5177024,spotify:track:4hHqliCVAYeROLbhQpv1US
The Farm,3lN1TG4RIoaJCff6Ck9KUR,"All Together Now - 7"" Version",0,"['madchester', 'britpop']",70135,spotify:track:18bvVJcx423ycBsSQKrSQC
Bronski Beat,2wpWOzQE5TpA0dVnh5YD08,Smalltown Boy,0,"['synthpop', 'hi-nrg']",644559,spotify:track:4JwX4P2xAyavVBiC7xyfx7
Dehd,6yzuBFtT6dK2aQMZJZtcB1,Bad Love,0,[],102399,spotify:track:3MEYOBGJlvDgG99hSKIDQH
Tom Misch,1uiEZYehlNivdK3iQyAbye,Memory,0,[],1314095,spotify:track:6PVuMhSlLOt7QHhIkNyvii
alt-J,3XHO7cRUPCLOr6jwp8vsx5,Something Good,0,"['indie', 'indie rock']",3389632,spotify:track:4VPZX5qq0mujdIrVhLFROu
UOHO,0f89nikbDhsc9XBL1cFtG4,Dentro de una Botella,0,[],7871,spotify:track:0WXVhbm2m28udylUUWw07h
Bronze Radio Return,2ic4xySjQ39N7DJ0HZemeG,With Me All Along,0,[],82409,spotify:track:407tDPFK5oB7hxSDl5Tg4O
RELATIN,0t3hsCFzCFOP4Zev9DOIw8,Oye Como Va (Boombass Remix),0,['nu disco'],1728,spotify:track:44gZlCo4NedZYrNNuwzUWr
Bat For Lashes,6l77PmL5iuEEcYjGl8K6s7,Moon And Moon,0,"['art pop', 'dream pop']",385442,spotify:track:7HaNlbEP3u3WAxNxVC6M5m
Rae Sremmurd,7iZtZyCzp3LItcw1wtPI3D,Black Beatles,1,[],7660321,spotify:track:21xJVN5wEbJogczYxfZhqR
Journey,0rvjqX7ttXeg3mTy8Xscbt,Who's Crying Now,1,"['album rock', 'classic rock']",6089639,spotify:track:5IK2FtuC0qmHHam9sWFxUI
Rihanna,5pKCCKE2ajJHZ9KAiaK11H,Bitch Better Have My Money,1,[],66203573,spotify:track:5lnsCyEKWofnC00U4Ax0ti
DNCE,6T5tfhQCknKG4UnH90qGnz,Cake By The Ocean,1,[],4569403,spotify:track:2aFiaMXmWsM3Vj72F9ksBl
Roger Sanchez,1HT9k1ZSUL9IczSstOAgWJ,Another Chance - Radio Edit,1,"['disco house', 'tribal house']",158392,spotify:track:0EvphKjVl4hVGvvAFYoJt1
Kiesza,4zxvC7CRGvggq9EWXOpwAo,Hideaway,1,[],308823,spotify:track:1iXBApi39l5r6lJj9WEXXS
C. Tangana,5TYxZTjIPqKM8K8NuP9woO,Antes de Morirme (feat. Rosalía),1,['flamenco'],2952696,spotify:track:7aFBy1CBLGnZE1Iv6TvEZE
Eagles Of Death Metal,02uYdhMhCgdB49hZlYRm9o,Miss Alissa,1,"['stoner rock', 'garage rock']",560177,spotify:track:0YQXMFYxfHNagYPgQvurKH
Niños Del Brasil,6ffexYwpPksMYHtzdQS1gn,Viernes (Nb2-Dc11's) [Version Album],1,['synthpop'],2475,spotify:track:3V7au1meEpOii8qZ5A89uR
Ron Gallo,4rfE3kN2zKNC9L9tt3iVOg,"Young Lady, You're Scaring Me",1,['garage rock'],84924,spotify:track:6PtIXICwmoxCgLjw2zApDs
The Weeknd,1Xyo4u8uXC1ZmMpatF05PJ,Starboy,2,[],102259045,spotify:track:7lQqaqZu0vjxzpdATOIsDt
Florence + The Machine,1moxjboGR7GNWYIMWsRjgG,Dog Days Are Over,2,['baroque pop'],7060022,spotify:track:15ya59dZ8yGeIfZARiYDjd
Electronic Opium,4ay9z5V7HR59WVPpj4CNQ9,Glorious Machines,2,[],292,spotify:track:5y7Y3Zmhl86uOYH7CqXMLX
The Weeknd,1Xyo4u8uXC1ZmMpatF05PJ,Can't Feel My Face,2,[],102259045,spotify:track:6RsWqX8zABZLhZydXxEFOm
Adele,4dpARuHxo51G3z768sgnrY,Set Fire to the Rain,2,['soft pop'],63263700,spotify:track:5PKWUDfQFtc5qqo8cs1gQp
The Crab Apples,6u98K0jUUoIvIG5mPXRIWZ,Open Your Mind,2,[],5478,spotify:track:5klp3A685gXayCcElo8U4Z
Plastic Bertrand,1KeIof0zqga5ojkmOKg88P,Ca plane pour moi,2,[],59561,spotify:track:71yCMlsD6qbD7NmNUEoVNR
Simple Minds,6hN9F0iuULZYWXppob22Aj,Don't You (Forget About Me),2,['new wave'],2195014,spotify:track:4aWn4NHlELpOehxsBaQeoe
The War On Drugs,6g0mn3tzAds6aVeUYRsryU,Red Eyes,2,['indie rock'],981613,spotify:track:71jGGLe5VtEHjIk5dU2W3S
Nilo MC,4zdVsxjN5vIDwGh1h8ZgWp,El puente,2,[],3421,spotify:track:4eSmiBdpFDwaMLkwHzNzmB
Pony Bravo,2e1wMFU6VpZkcLil2g7MrF,Rey Boabdil,3,[],25059,spotify:track:4vPUoPcZHOYNGYLgWhTLUe
Tom Rosenthal,1AgxgADPuRIW1wyaA4OKcB,Go Solo,3,[],607594,spotify:track:18ywhG9EvuMMUIdUWxEqp7
Tom Rosenthal,1AgxgADPuRIW1wyaA4OKcB,Go Solo,3,[],607594,spotify:track:18ywhG9EvuMMUIdUWxEqp7
Josep Xortó,1pRPhN3DsSugpSb7Fwp91z,El Diable,3,"['italo disco', 'italo dance', 'hi-nrg']",1000,spotify:track:1PW9eQY2Z9ngpkF9X2mpBU
Simple Minds,6hN9F0iuULZYWXppob22Aj,Don't You (Forget About Me),3,['new wave'],2195014,spotify:track:78vGCKNSCg663zoZHeF7Rq
Tom Rosenthal,1AgxgADPuRIW1wyaA4OKcB,Go Solo,3,[],607594,spotify:track:18ywhG9EvuMMUIdUWxEqp7
Model 500,2Djz8cbEv5rtrYrJYdzQ20,Electric Night,4,"['dub techno', 'acid house', 'chicago house', 'techno']",17746,spotify:track:6nKXbNYEWmLpmUGcEzZj0N
Martin Cherni DJ,4QzeNIWLxlu6ERH5ZjM5Rq,Entre la Playa,4,[],128,spotify:track:03N2jAfjQhfXyjoDjmco1w
Rita Pavone,3xc8CD41vwsoBNkGXL3pS7,Cuore,4,['italian singer-songwriter'],117426,spotify:track:0i32Sj704eKbkrHHR5Nfov
Alanis Morissette,6ogn9necmbUdCppmNnGOdi,Hand In My Pocket - Acoustic Version,5,[],3030475,spotify:track:7hjnwgAgf7agvUsSu3Zh3m
Carmen Boza,4hXMxkoIm7sX1PiFXrvU0u,Gran Hermano,5,['singer-songwriter'],38401,spotify:track:0ylNenpIESjwWLE5TZZuCT
Ilegales,2laDE3zsNJYoX7n8nF3YPJ,¡Hola Mamoncete!,5,"['latin rock', 'rock en español']",60142,spotify:track:2Zy0fzzJWgkm5NweiGgJyb
Los Ronaldos,1OTnb625gMBm5NsLYAdUEm,Ana y Choni,5,[],150267,spotify:track:4pE5XT3u8unsGKP1SH6tFQ
Oasis,2DaxqgrOhkeH0fpeiQq2f4,Don't Look Back In Anger,5,"['britpop', 'madchester', 'rock']",11398118,spotify:track:3ixTiPABjqkBKPocxq6oIe
Tones And I,2NjfBq1NflQcKSeiDooVjY,Dance Monkey,5,[],2969323,spotify:track:421leiR6jKlH5KDdwLYrOs
Nocturnos,3ttkQZslmp7qPIwgW0RcrD,DJ Residente,5,[],944,spotify:track:6yr7gynsWnVFFlgEVcszfb
LL COOL J,1P8IfcNKwrkQP5xJWuhaOC,I'm Bad,5,['east coast hip hop'],1825560,spotify:track:34YavCsrSDvhTZ1PHCsNAG
Helena Goch,2JifS5JEJbv3GcQ4ZB2q9B,He Said to Me That Day,6,[],3545,spotify:track:3vv5spCoOYEf3yz26WFSAC
Los Flechazos,59fMjqzT9fvTLoGbWJZ6vA,No sabes bailar,6,['power pop'],10502,spotify:track:0v24YfdmUBSKEX9oeZyHgn
Gary's Gang,6dQgfj4Lo9jS2x2vgPkOBK,Let's Lovedance Tonight (Radio Edit) - Re-Recorded,7,"['disco', 'post-disco']",25463,spotify:track:0ZOKwSABuKBiEhknfwW94Q
SNAP!,2FrKQPjJe4pVMZOgm0ESOx,Rhythm Is A Dancer,7,['eurodance'],273495,spotify:track:1IWzfq3sLedGQ3fb2hAMBA
Aly & Fila,2hL1EouqXLtBEB6JKnPF0h,Altitude Compensation - Chill Out Mix,7,"['trance', 'progressive trance']",174973,spotify:track:6y9xpoemkABeuzDoo0D6e8
John Newman,34v5MVKeQnIo0CWYMbbrPf,Love Me Again,8,[],799767,spotify:track:57PjISfyOyDcvTPipz16nf
L7,2zMQOJ4Cyl4BYbw6WqaO3h,Pretend We're Dead - Remastered,8,['grunge'],353610,spotify:track:3ckxgm2Tc1cqeN2vRkHhjN
Aztec Camera,7sbwBqdkynNUDgiWU3TQ5J,"Good Morning Britain - 7"" Mix",8,"['jangle pop', 'new wave']",141284,spotify:track:3yTMvJrFI17iPimNGcaTee
Glass Animals,4yvcSjfu4PC0CYQyLy4wSq,Heat Waves,9,[],4433669,spotify:track:6CDzDgIUqeDY5g8ujExx2f
Depedro,3wpNKcE7grYUIRKCMpmBOb,Mañanita,9,['singer-songwriter'],102123,spotify:track:4keF1fhgLTmh27ZHMLFmOH
Glass Animals,4yvcSjfu4PC0CYQyLy4wSq,Heat Waves,9,[],4433669,spotify:track:6CDzDgIUqeDY5g8ujExx2f
Lateef The Truthspeaker,2iLlfLTMiFJQ6X5rG2vgUy,We the People,10,[],5630,spotify:track:5lbs307d58i3al9AlpYa1k
MC Miker G,6q8oe9BP3H1XlKg8SpEHEx,Celebration Rap,11,"['hip house', 'italo disco']",1185,spotify:track:5hPZKDXyIj8CqaReOEzYSG
Blue Öyster Cult,00tVTdpEhQQw1bqdu8RCx2,"Don't Fear the Reaper - Live at the Old Waldorf, San Francisco, CA - September 1980",12,"['classic rock', 'hard rock']",1649367,spotify:track:01NHYyuVfq84gtMSwr7rKk
Blue Öyster Cult,00tVTdpEhQQw1bqdu8RCx2,"Don't Fear the Reaper - Live at the Old Waldorf, San Francisco, CA - September 1980",12,"['classic rock', 'hard rock']",1649367,spotify:track:01NHYyuVfq84gtMSwr7rKk
Blue Öyster Cult,00tVTdpEhQQw1bqdu8RCx2,"Don't Fear the Reaper - Live at the Old Waldorf, San Francisco, CA - September 1980",12,"['classic rock', 'hard rock']",1649367,spotify:track:01NHYyuVfq84gtMSwr7rKk
Mala Rodríguez,3Ces1OJeGOVGcUB0wPaPXJ,La Nina,12,['latin hip hop'],565800,spotify:track:6IWhdW3VzO3bGpL7BvqxRq
Marlango,1sssLDz8bNSqKkW1zndP0D,Una y Otra Vez,12,[],79293,spotify:track:57vq60MQuesKsKK6aHeRan
Nek,5mXMQJHLLfym1KyNcDrhoZ,Freud (feat. J-Ax),12,"['italo dance', 'rock en español', 'latin pop']",553109,spotify:track:2OAtXCZE1wNEdBXe4Rh15X
Edward Sharpe & The Magnetic Zeros,7giUHu5pv6YTZgSkxxCcgh,Home,12,[],1060601,spotify:track:0cBPuDA3xUjR4Vh9o7CKy8
Noir,2rHW9XpYMGsHj7BmAOSmr9,Around - Solomon Vox Mix,13,['techno'],27489,spotify:track:7tqWwEVtAsNTUwAonlkuYZ
Neuman,2ApGJ6o1AkNPjkFrnJQLKM,Marsha,13,[],24948,spotify:track:7FhtAVRLzE8lZ6uF5giH6E
The Thrillseekers,1RYDKWzJnJtbTPYNsDswD5,Halcyon 2016,13,"['trance', 'progressive trance']",61327,spotify:track:4vId5HQNiASc8tnFIhxqUO
Novi Maschilton,37sY4GyhJCcsL5YChHwF75,Cocaina,13,['psytrance'],4800,spotify:track:02caQmMQpjMX9jIqMup21m
Aero Manyelo,637OrGlmcAsqUNdFQPj79Z,Kesi De,13,"['afro house', 'tribal house', '3 step']",3595,spotify:track:5gQE7JUBkI44v9kzJkDM2G
Delaporte,1GDip5phlxYzeZ36vnf9kJ,Las Montañas,13,[],70329,spotify:track:3TtAlxMxGTA5qdwLmxR4Oy
Miss Caffeina,1uvhwixGrZkuT2gpQQWgYb,Autoayuda,13,['indie'],206032,spotify:track:5qR8nkuEMnQBwX7Kz8NZJ7
levitants,5Ed1kJRHN0Uj0BhGbRNutV,Adelante,13,[],6458,spotify:track:5NvqDMHAL38UTfNQFizEWm
Lalos,7aI4OrVUMcDvjdqj0NzTFp,3 Am.,14,[],107,spotify:track:4rVpYMhmcbS1aKpw86N4oG
Seguridad Social,5UbMQUFrcJdDstPCza7y0B,Quiero tener tu presencia - Directo,14,['rock en español'],166798,spotify:track:6Q6NHfWD8OI2spgDSI4gHN
Woody Guthrie,4rAgFKtlTr66ic18YZZyF1,Vigilante Man,15,"['folk', 'americana', 'singer-songwriter']",217583,spotify:track:3DdbrCxfTYdIpIIaEtlHu9
Belinda Carlisle,7xkAwz0bQTGDSbkofyQt3U,Heaven Is A Place On Earth (Acoustic),15,[],922651,spotify:track:5w7oagCo432YEPmLu57rBu
Reptile Youth,0XoZwt2DsmzVvOe5GRSYDC,Speeddance,15,['electronic rock'],12913,spotify:track:3bUqZCLmH350z6JDnK4czq
Modestia Aparte,6yPTzaskdKAAlLMdnw9IkM,María,16,[],49156,spotify:track:0u4FeBvpBr1QSDeb64nW4I
Pegasuses-XL,2jSoYiIQgb4MFUv049chiD,Marathon Mansion,16,[],714,spotify:track:1v0XUfMGNChyz3FoTfAHG0
Modest Mouse,1yAwtBaoHLEDWAnWR87hBT,Wild Pack of Family Dogs,16,"['indie rock', 'indie', 'alternative rock']",1529046,spotify:track:1LZZm7gwyuAnvKGXYF6siQ
Glass Animals,4yvcSjfu4PC0CYQyLy4wSq,Heat Waves - Logic1000 Remix,16,[],4433669,spotify:track:0BzTTI21m2LuYusiy0TOTr
How To Dress Well,4jLcgJjDGmW0HmvbSf6lEI,Lost Youth / Lost You,17,"['alternative r&b', 'indie r&b']",88444,spotify:track:36cNPxDZocGVGmyQF2BR6a
Zahara,7uLePkJ2f0MwEcphODfkuu,Crash,17,[],242950,spotify:track:7hVP9YRdSia5U9OHobret1
Fabrizio De André,19HiWVd2g0XyJstBsbW2Qm,La città vecchia,17,"['italian singer-songwriter', 'singer-songwriter']",1327744,spotify:track:4YEAkjKuWWddfaru0o5NWE
Radio Futura,4qKJA8Cf8R44cMThP6q8KM,Tormenta de Arena,18,['rock en español'],416410,spotify:track:3XT56ieuIeM7elsbImbKFW
Futuristic Polar Bears,47v4vGA1qCl7hyevSkpRM7,You & Me,18,['big room'],18459,spotify:track:5Rc7dKOupcqUdhNpAST4tb
Dorian,6GoZ2axiSqX91WzMrvJfWk,Energía Rara,18,['indie'],257866,spotify:track:1IMzgl3wucTiKpAtJt36uT
Mando Diao,5I4eibDkC7gg0hmczTZuND,Kingdom and Glory,19,['swedish ballads'],327723,spotify:track:0sS4WjQThjIjlhaFoW30UL
Colectivo Da Silva,7h2HIXXVcZ6UPkqlCa2QZY,Nos Vemos Luego,19,[],13730,spotify:track:2ysdD3d9Do8yEBewLD9rNR
Taylor Dayne,32lVGr0fSRGT6okLKHiP68,Tell It to My Heart,19,[],486641,spotify:track:2sgNpV75dnspn2YAeydi5S
Robbie Williams,2HcwFjNelS49kFbfvMxQYw,No Regrets - XXV,19,[],3137952,spotify:track:044OzkbCql5atb0qAj518X
The Black Angels,0VNWuGf8SMVU2AerpdhMbP,Grab as Much (As You Can),19,"['psychedelic rock', 'stoner rock', 'space rock', 'garage rock']",280579,spotify:track:2kdbkjhKyQo57g0JtG1RXQ
El Paisano,1FQxxeZmsxTnlDupsusXTL,Marbella,19,[],15261,spotify:track:3yj3HUzUF3M8LjL0nEEQQ6
Helena Goch,2JifS5JEJbv3GcQ4ZB2q9B,Nonsense (B.S.O. Mar de Plástico),20,[],3545,spotify:track:1hqdU6yHb0z1uGBQQLP4k6
Radik Tyulush,3Q66p59TteCJnTHiM1UkCh,Oskus Urug,20,[],914,spotify:track:4SC0ZQYHYwH2G136M2YxLz
David Bowie,0oSGxfWSnnOXhD2fKuz2Gy,Dancing in the Street - Dub,20,"['glam rock', 'art rock']",11278035,spotify:track:3LQN1RL315Nhzvwvd7ZOEp
Quique González,0uCwhAtvXQlTGZJWDJQykZ,Vidas Cruzadas,20,['singer-songwriter'],116262,spotify:track:54QTU8d1wVIsnAMj3Ltkd7
Exsonvaldes,4x1cLsIXGk0UN4RMtMtgJb,On n'a rien vu venir,21,['psychedelic pop'],7397,spotify:track:1Vs3NWPDOtvY9B8RbkH32g
The Black Keys,7mnBLXK823vNxN3UWB7Gfz,Lo/Hi,21,"['blues rock', 'garage rock', 'modern blues', 'rock']",4108429,spotify:track:5Ds6yF2TY2QOETKPqgS8EW
Public Enemy,6Mo9PoU6svvhgEum7wh2Nd,"Smash The Crowd (feat. Ice-T, and PMD)",21,"['east coast hip hop', 'hip hop', 'hardcore hip hop']",1131709,spotify:track:6hcUEeGCrYmrF5rVh7WJaL
Efecto Mariposa,2fFrIDTV1Tk8MwAv4OJiY5,No me crees,22,[],245668,spotify:track:03XYTn2AVSerDN3Mr5S965
Depedro,3wpNKcE7grYUIRKCMpmBOb,Panamericana,22,['singer-songwriter'],102123,spotify:track:4yIjbtjH3FjnGkfOfmLs2G
Circa Waves,6hl5k4gLl1p3sjhHcb57t2,Jacqueline,22,['indie'],307374,spotify:track:64aOsCf4KNCWPCzadSev5J
Foals,6FQqZYVfTNQ1pCqfkwVFEa,2001,22,['indie'],1443326,spotify:track:6FtfZdMiuUX3CdGMhAZmlJ
Scanners,0PVEuLOb9xt4FX5icv2wm6,Lowlife,23,[],6952,spotify:track:7b5QkBLkJEY13L5ZCR5u0I
Chucho,0gDqh6nvSk3l7eZ4UVL3GG,Magic,23,[],8626,spotify:track:64iEbQ53jtNho7EDr2B8Q0
The Weeknd,1Xyo4u8uXC1ZmMpatF05PJ,Blinding Lights,23,[],102259045,spotify:track:0sf12qNH5qcw8qpgymFOqD
Delaporte,1GDip5phlxYzeZ36vnf9kJ,Superman,23,[],70329,spotify:track:696yEKk7CrxIhiTkNWHTB3
Delaporte,1GDip5phlxYzeZ36vnf9kJ,Superman,23,[],70329,spotify:track:696yEKk7CrxIhiTkNWHTB3
Ana Torroja,5YekZn3GGnPIURNA6RG124,Paraíso,23,['latin pop'],794738,spotify:track:0XxP93BIMvj8WQfjYWdFrx
Delaporte,1GDip5phlxYzeZ36vnf9kJ,Narciso,23,[],70329,spotify:track:2Y180kd8kH1N0ypr7Hi5FZ
Dada Life,00sAT5YX8W3xNd1EuqyHw9,Take Me Into Space - Extended Mix,23,"['big room', 'edm', 'electro house']",397737,spotify:track:0Z3U0hLh8QJy05Tu8rxCSh
Coque Malla,2VR9eUwDCe6jccal0ZQ5FV,"Un lazo rojo, un agujero (feat. Kase O)",24,['singer-songwriter'],102621,spotify:track:4NxxEZ3slna7U8eCSoHtrT
The Divine Comedy,7EV6jW6dotBdvsHj6xPixi,The Best Mistakes,24,"['chamber pop', 'baroque pop', 'britpop', 'comedy']",154541,spotify:track:7KkSzDc5OgBDh8R61cXRqw
Sides,6djvt6wMekjF32ykPoHJWU,Cape Town,25,[],236,spotify:track:6thW0yqQxgjs5MLIaFsCCb
KRS-One,2gINJ8xw86xawPyGvx1bla,Step Into A World (Rapture's Delight) - Radio Edit,25,"['east coast hip hop', 'hip hop', 'hardcore hip hop']",701683,spotify:track:0F5INCGO2NuwmzUUaXv6WL
The Psychedelic Furs,0O0lrN34wrcuBenkqlEDZe,Love My Way,26,"['new wave', 'post-punk']",639677,spotify:track:0kPOa7wKFdcxSo8i0slO8z
The Go! Team,6veTV9sF06FBf2KN0xAdvo,Mayday,26,['alternative dance'],91248,spotify:track:0RE6QU3Sy8soxsMydV3zx6
Arab Strap,6g8Jqb5JMfv92eB2r0awTN,Sociometer Blues,26,"['slowcore', 'spoken word']",80229,spotify:track:6wWrzyLyhCqlBk37a4NymO
Iron Maiden,6mdiAmATAx73kdxrNrnlao,The Trooper - Live; 1998 Remastered Version,27,"['heavy metal', 'metal', 'hard rock', 'rock']",9851221,spotify:track:1j7gVahlawJgbPvrGiL3Fr
Jay Reatard,3cAGUcRbwsFHwKbJv8FT4T,Waiting for Something,27,"['garage rock', 'indie punk', 'noise rock']",75452,spotify:track:1iO2TX147EbAmLdzjDZSvR
Pony Bravo,2e1wMFU6VpZkcLil2g7MrF,Mi DNI,27,[],25059,spotify:track:6w7BXZltYDUnxotCRay4aS
Milk & Bone,4fmvA5uVlZUNsje29D1PaW,Natalie,27,[],65421,spotify:track:1VV4Cn1Zsc7v6gTRjvCqfJ
The Orwells,7ia4FaCVsbXvhVwagCJk7l,The Righteous One,28,['garage rock'],108453,spotify:track:0XSSDRJkLfRCx3tOSW3VQ3
La Casa Azul,2Ynst7DZrEJnlaMM41ZCxd,El Momento Más Feliz,28,[],177171,spotify:track:0YZ3lkcMwZeV8gnb4jDMsa
Madonna,6tbjWDEIzxoDsBA1FuhfPW,Frozen - Edit,28,[],8444852,spotify:track:0AeSlENrgK8criEUCR5zBq
Yuck,6l3BRLCpzfC8yxqf9thWAg,The Wall,28,"['noise rock', 'shoegaze']",99208,spotify:track:5J9enf9dleUm5aRMwYzX1y
Rulo y la contrabanda,0ewtf5KcA50GVkF6FBXOcs,Confeti,28,[],186640,spotify:track:4jixeUK1hku6aaOlVBvB80
Troye Sivan,3WGpXCj9YhhfX11TToZcXP,Rush,28,[],9071032,spotify:track:3xIMkM5LgbVDkpO74O3Np3
Ben Folds,55tif8708yyDQlSjh3Trdu,Trusted,29,[],317643,spotify:track:2TXE60tyhAJ1YvEUm8qKUO
Glee Cast,0SCbttzoZTnLFebDYmAWCm,Bust Your Windows - Cover of Jazmine Sullivan,29,['christmas'],1536182,spotify:track:7fUmng4zh1d6HAqEDFSfP7
Foo Fighters,7jy3rLJdDQY21OgRLCZ9sD,Sean,30,"['rock', 'post-grunge', 'alternative rock', 'grunge', 'modern rock']",12484129,spotify:track:1T8ZHOyYzHFd0t4LvdIHfz
Franco Battiato,4lianjyuR1tqf6oUX8kjrZ,Bandera Blanca - Remastered 2020,30,"['italian singer-songwriter', 'singer-songwriter']",869201,spotify:track:6eNclfRkzaITKfx9aGVaJz
New Order,0yNLKJebCb8Aueb54LYya3,"Bizarre Love Triangle - 2011 Total Version; Shep Pettibone 7"" Remix",30,"['new wave', 'synthpop', 'post-punk', 'madchester']",2357247,spotify:track:1g5BzgVrAJ5bJ30rCQcguG
CHVRCHES,3CjlHNtplJyTf9npxaPl5w,Graffiti,31,['synthpop'],1409854,spotify:track:2tzs8aV8k9xnbAiaHDn4YP
CHVRCHES,3CjlHNtplJyTf9npxaPl5w,Graffiti,31,['synthpop'],1409854,spotify:track:2tzs8aV8k9xnbAiaHDn4YP
Alizzz,23herDudxPBB3S81GB5uG3,Siempre igual,31,[],85150,spotify:track:5rvKsvYzdbxl0rdtgMP3qb
Los Estanques,2viZosiTrNf88YlPRVHkos,Tu Pelo de Flores,31,[],15653,spotify:track:6346LOiPOPSckjqe25cu4O
Eurythmics,0NKDgy9j66h3DLnN8qu1bB,Here Comes the Rain Again - 2018 Remastered,32,"['new wave', 'synthpop']",2210990,spotify:track:2HJ0irMgolBlOGk29m8Gu1
Death Cab for Cutie,0YrtvWJMgSdVrk3SfNjTbx,Gold Rush,32,[],1575868,spotify:track:4rX47mBU230P9Egkd1ICnN
Feder,5KnoVkIUGmK0PiDKMjz2LM,Goodbye (feat. Lyse) - Original Mix,32,[],212468,spotify:track:19CbMNos4Uop4N88hCrXRo
IDLES,75mafsNqNE1WSEVxIKuY5C,Damaged Goods,32,"['post-punk', 'noise rock', 'punk']",777201,spotify:track:5PRU610vVE9hHvPqfH3qcX
Westbam,1zcj0EOWK3jRZKeh20dnMR,You Need The Drugs - &ME Remix,32,['happy hardcore'],19160,spotify:track:7KTcccQfiGgaCsP8TpR9sf
Fangoria,7CJiKj8TrQSms0WSCKbHm4,Un poco todo,32,[],271465,spotify:track:1PRQbBDsB6GwxGPoFpTcd9
Michael Kiwanuka,0bzfPKdbXL5ezYW2z3UGQj,You Ain't The Problem,33,['soul'],1587493,spotify:track:0QDe6nlExlt3AM1NHTh4nn
Pharrell Williams,2RdwBSPQiwcmiDo9kixcl8,Entrepreneur (feat. JAY-Z),33,[],5109337,spotify:track:7E1lnnPsrnHslXSWomUkLP
Mikel Erentxun,7thnnayFyJnVOAJrpe5wMC,Esos ojos negros (feat. Amaia),33,"['rock en español', 'latin rock']",187006,spotify:track:0X5i46Aw94PdYazgcITWHn
Mujeres,5vnfKgHNYLnKeuFA6c2jJO,Tú y Yo,33,[],30291,spotify:track:5lfKC6Y49dEg8Lj5yw8qkI
Elvis Presley,43ZHCT0cAZBISjO8DG9PnE,In the Ghetto (World Turns Remix) (feat. Nardo Wick),33,"['rockabilly', 'rock and roll']",10456308,spotify:track:1fcCj5bgu8XfdiefwrcISZ
Fabrizio De André,19HiWVd2g0XyJstBsbW2Qm,La stagione del tuo amore,33,"['italian singer-songwriter', 'singer-songwriter']",1327744,spotify:track:0m8xOYk0nSUzGx90ZFwFGY
Billy Paul,187xgSpsFH8mMbAcoCW0zE,Let the Dollar Circulate,33,"['philly soul', 'soul', 'motown']",311717,spotify:track:3ihmJ6AKx2BC6vWhx25eaH
Más Birras,7zRiWy0Kdwmc0T573rqM0D,Apuesta Por El Rock’n’Roll,34,['rockabilly'],6559,spotify:track:5ieMoqtQ5B9PBq9l3v3R62
Grande Amore,1FVM2KsOjbVwhAYApEhSzQ,Esta Pena Que a Veces Teño,34,[],12514,spotify:track:2u4oFAkv99hJyUbbCouPgQ
Alexandra Savior,2qqZbV6smvvtohQOUgZqKa,M.T.M.E.,35,[],309506,spotify:track:4bWtZm1aJ7pmmr9jtIQ8xe
Fuel Fandango,1MbqzxZvHtdClX1cBKU2OG,Salvaje,35,[],113572,spotify:track:2IZCMSL45gZOSpCuWwfBwv
Breakbot,0iui2Be5CP8EWxvHYsVspL,My Toy,35,"['french house', 'nu disco']",465085,spotify:track:7azbYzY7gqLI4HITDmlxUO
Jack White,4FZ3j1oH43e7cukCALsCwf,Over and Over and Over,35,['blues rock'],1404016,spotify:track:13CKjk6hRuF2XzY4N3xw4m
Depeche Mode,762310PdDnwsDxAQxzQkfX,Black Celebration - Live,35,"['new wave', 'synthpop', 'darkwave']",6984697,spotify:track:1BIZeThDSJV0zeoYFkBEcA
Ace of Base,5ksRONqssB7BR161NTtJAm,All That She Wants - Extended Dub,35,"['eurodance', 'europop']",989644,spotify:track:6RMgn5D4r5lTXU2NZhlVn2
LA ÉLITE,0sISeGVb8SMEQGbI9DBfov,Nuit Folle,35,['indie punk'],28726,spotify:track:5rDGffA9akY4KJmFi5EVIV
Moris,6nDtQCSWqly8rUM8s0JZa5,De Nada Sirve,35,['argentine rock'],26716,spotify:track:5zR2HBjuNk68vpMDUutZ7r
Julia Holter,0bsV0sUjnCuCTYOnNHQl3E,Feel You,36,"['art pop', 'chamber pop', 'baroque pop']",132590,spotify:track:6JGZmmiaL64s1AmhEOVvCr
LIBERATO,4X89u81dkCXBSGo8i2DhMW,GUAGLIÒ,36,"['canzone napoletana', 'neomelodico']",643586,spotify:track:30D7YJ2bDVvhf7NZfI0VnQ
Videokids,1pUluhs7dAcvHogzXp3pkR,Woodpeckers from Space,36,"['italo disco', 'italo dance', 'hi-nrg']",2363,spotify:track:00pnGo0SqrkQFPnDJKBW96
Malva Vela,42gMsjzIofZl8uTc1NmRHz,Chavela,36,"['flamenco', 'flamenco pop']",8798,spotify:track:0rZrzVHDc6k3EYnAnIhUel
Massiel,7gAcNqHWOMnqnsTBjq7v0T,"La, La, La",36,[],187163,spotify:track:1ApXNkjfjxkSDoezO8Kh8g
Pulp,36E7oYfz3LLRto6l2WmDcD,Like A Friend - Great Expectations Soundtrack,37,"['britpop', 'madchester']",1008389,spotify:track:3Z9d7g8Pn4S4ivwlziwcf6
Nelly Furtado,2jw70GZXlAI8QzWeY2bgRc,Say It Right - Radio Edit,37,[],4345373,spotify:track:6PKTAsKbSBR7bY4J1fQuI2
Parcels,3oKRxpszQKUjjaHz388fVA,Lightenup,37,[],948175,spotify:track:1dgAx1KJjIhjEB9c0iVTl9
Groove Armada,67tgMwUfnmqzYsNAtnP6YJ,I See You Baby (feat. Gramma Funk),37,"['big beat', 'trip hop']",712545,spotify:track:7zdScymclyy48QjCvbYjm2
Luli Pampín,2s5oIH7jW68tUafw6zs2y6,La Semana de Halloween,37,"['lullaby', ""children's music""]",236318,spotify:track:2ChoWIk6PNjDpEBxbXnvvU
Neil Young,6v8FB84lnmJs434UJf2Mrm,Rockin' in the Free World - Live Acoustic,38,"['classic rock', 'folk rock', 'singer-songwriter', 'roots rock']",3171975,spotify:track:4Qd39ySO5WaxBvenQQBF2F
Liam Gallagher,6sN51vEARnAAdBw1IKZ8Q9,Wall of Glass,38,"['britpop', 'madchester', 'acoustic rock']",1188793,spotify:track:3eqhMltljpvMkVNUbAHyQI
Ellie Goulding,0X2BH1fck6amBIoJhDVmmJ,Power,38,[],12966436,spotify:track:6smYfKpqsvpmqBXkLjYGJo
Efecto Mariposa,2fFrIDTV1Tk8MwAv4OJiY5,No me crees (feat. Javier Ojeda),38,[],245668,spotify:track:2IAFSXQ3AsQx7cNfTxl0Mt
Young Fathers,5mZC7ndY6oGMxJentRwsuV,Only God Knows,39,['experimental hip hop'],247424,spotify:track:7vmLW0qZn0vBgH6WN7ZAnC
Karavana,6SShgjYwZQZ8Nx2wo5IKdd,Strokes,39,[],25799,spotify:track:7mZmMF0uTsMRrDFR8uByDb
Karavana,6SShgjYwZQZ8Nx2wo5IKdd,Strokes,39,[],25799,spotify:track:7mZmMF0uTsMRrDFR8uByDb
Karavana,6SShgjYwZQZ8Nx2wo5IKdd,Strokes,39,[],25799,spotify:track:7mZmMF0uTsMRrDFR8uByDb
Karavana,6SShgjYwZQZ8Nx2wo5IKdd,Strokes,39,[],25799,spotify:track:7mZmMF0uTsMRrDFR8uByDb
Karavana,6SShgjYwZQZ8Nx2wo5IKdd,Strokes,39,[],25799,spotify:track:7mZmMF0uTsMRrDFR8uByDb
Zae,7LzHjduJmIQZGQsh8luHkD,Baddest MF (BMF),39,"['pinoy hip hop', 'pinoy r&b', 'opm', 'p-pop']",82768,spotify:track:2AkroGRX5lRx0CNwTpAuYW
La Femme,5VTWoYYizcOY3uIKnxeCGI,Sphynx,40,"['french pop', 'french house']",569691,spotify:track:6BRHU5wP4zMmPDqnBscklp
Donny Hathaway,0HU0U9kdXEHZVxUNbuQe8S,Someday We'll All Be Free,41,['soul'],623126,spotify:track:5J5rzvpYAQHlELldedLT9X
Alela Diane,2QIHd0B2VIKlmLyoq4lUr7,Take Us Back,41,"['folk', 'indie folk']",141416,spotify:track:2ITMAIFknTPjTTcGroEz5I
Foals,6FQqZYVfTNQ1pCqfkwVFEa,Wake Me Up,41,['indie'],1443326,spotify:track:4MDDOpA7BwGDjYclTmCTVw
Caroline Polachek,4Ge8xMJNwt6EEXOzVXju9a,Bunny Is A Rider,41,['art pop'],595041,spotify:track:1rYABrDmfqVmJMwaNJBUUb
Rigoberta Bandini,7DOERbtkx9aTLvWzZSB0qx,Too Many Drugs,41,[],258213,spotify:track:36Ylur9D9t6AMcu6wCs2Bh
Carlos Sadness,2LCcy9CZWwZ7Vvykt8IVVq,Todo Estaba Bien,41,['latin indie'],351168,spotify:track:72m6x9D3NCMs2MsE4wHMIC
George Baker Selection,2MGJBRRGEj9m6MxJIq7fLn,Little Green Bag - Single Edit,41,['nederpop'],59640,spotify:track:20jhZ58fJ7xTkTudhxrWQg
Ana Tijoux,40JMTpVRUw90SrN4pFA6Mz,Somos Sur,42,"['latin hip hop', 'latin alternative']",457742,spotify:track:7Ke2pX91o8sYw220ZY0whv
DELLAFUENTE,4bJh7sMPcVRiqe5jlnsWQV,Ya No Te Veo,42,"['flamenco urbano', 'flamenco']",1116792,spotify:track:7lOLQ52wY0FmqEKn7LKtQG
Tinie Tempah,0Tob4H0FLtEONHU1MjpUEp,Pass Out - Radio Edit,42,['grime'],843767,spotify:track:197Fa8CFtKbcQGPsFoBY9u
Róisín Murphy,3qwabfaWewpfli7hMNM3O8,You Know Me Better,42,"['art pop', 'electropop']",389050,spotify:track:0gRjFMBQJg83gtJbo1YFfr
Metric,1rCIEwPp5OnXW0ornlSsRl,All Comes Crashing,42,[],884356,spotify:track:1gKLWryPONC9dyrx5fX3Dr
DELLAFUENTE,4bJh7sMPcVRiqe5jlnsWQV,Ya No Te Veo,42,"['flamenco urbano', 'flamenco']",1116792,spotify:track:7lOLQ52wY0FmqEKn7LKtQG
The Pains Of Being Pure At Heart,3zmmBJseZelpVEHj8S6Dek,Laid,43,"['dream pop', 'shoegaze', 'jangle pop']",103862,spotify:track:0JBhtS8zMP6QZFdSCzRjUa
Los Rebeldes,5xL4xxrHU7qleELxk85vAo,Bajo la Luz de la Luna,43,['rockabilly'],72757,spotify:track:2hfv8QRES8BwT49kO0Hhmd
Al Jarreau,3YR92OLKlvkK5oKNekSqXe,Roof Garden,43,"['smooth jazz', 'vocal jazz', 'jazz']",420408,spotify:track:1CpDrx0Q7f2Wv3tBXDMt6z
The National,2cCUtGK9sDU2EoElnk0GNB,Conversation 16,43,['indie rock'],1664468,spotify:track:6KIvl5KkeTnd9Z7X6cHzRW
Veintiuno,2k60o7SVpOKmzpuTEAG3L8,Dopamina,43,['indie'],46881,spotify:track:6jmlMwy11AlRBxPXHsWfef
La Maravillosa Orquesta del Alcohol,1vBn5Puz4mdZopZEHq1QDq,Una Canción para No Decir Te Quiero,43,[],252409,spotify:track:2uhTEPAQvGHa69xwEEFEpE
Neil Young,6v8FB84lnmJs434UJf2Mrm,Razor Love,44,"['classic rock', 'folk rock', 'singer-songwriter', 'roots rock']",3171975,spotify:track:4BEy9qPMYPBxtjV0NnTZB3
Los Planetas,0N1TIXCk9Q9JbEPXQDclEL,Segundo Premio,44,[],174195,spotify:track:0VaaF3Mjm3xwl9uQJbwetH
Jennifer Rush,3fsCWTIuWIRvEGS7gerSJX,The Power of Love,44,[],320275,spotify:track:0IWLgimumxlqOmHWdFVJlD
The Kid LAROI,2tIP7SsRs7vjIcLrU85W8J,STAY (with Justin Bieber),44,[],6188928,spotify:track:7yZcC4JIdQkXKaigJxrKSn
Just Brothers,5qTJU3YBzlGmOSrSHL4EVK,Sliced Tomatoes,45,['northern soul'],3050,spotify:track:4AxrlOlmlKducWdz18bLYB
Biffy Clyro,1km0R7wy712AzLkA1WjKET,Wolves of Winter,45,['modern rock'],736647,spotify:track:3n4r9HS59J2Utzr9wHbte4
Violadores Del Verso,1DH9RJ0xBVje6gQmK3LWUY,Filosofía y Letras,45,['latin hip hop'],583466,spotify:track:5ZEYoO7GqDlHHD08aYUkHj
Twin Atlantic,4A9xtvezlouTD7H0kyUje9,Heart and Soul,45,[],153254,spotify:track:7CskFQLRb7IdIEdnAnjMDV
Gang Of Four,3AmWjMXXtBJOmNGpUFSOAl,Natural's Not in It,45,"['post-punk', 'new wave', 'proto-punk', 'funk rock', 'punk']",256649,spotify:track:6Rsf9POXEmgQHzxXr6ubTg
Justice,1gR0gsQYfi6joyO1dlp76N,Civilization,45,"['french house', 'new rave', 'electronic rock']",1344698,spotify:track:3cn4e9MRXiUmDqTioimYBp
Taiwan MC,0yiXjZrrbGYxQlg8oPxuOE,A Mi Lado,45,"['ragga', 'dub', 'reggae', 'dancehall']",67388,spotify:track:1FShSStnXzldEdsQqJSq5v
Taiwan MC,0yiXjZrrbGYxQlg8oPxuOE,A Mi Lado,45,"['ragga', 'dub', 'reggae', 'dancehall']",67388,spotify:track:1FShSStnXzldEdsQqJSq5v
Eminem,7dGJo4pcD2V6oG8kP0tJRR,The King and I (feat. CeeLo Green) - From the Original Motion Picture Soundtrack ELVIS,45,"['rap', 'hip hop']",98967305,spotify:track:4QjbbBQAJ7NiGdlfDPcxag
Melanie,6sOP8RUFR0q0nBOBOXGdBK,People in the Front Row,45,[],129163,spotify:track:1w8yvQdpAjw6wL2zD6HIOW
ZHU,28j8lBWDdDSHSSt5oPlsX2,Automatic,46,['edm'],949920,spotify:track:1NB0VPwAw6Rx8b9qvDKB5M
Prince,5a2EaR3hamoenG9rDuVn8j,Batdance,46,['funk rock'],7650182,spotify:track:4DbUk1qwcz9KKcUY4t8f8u
Barry White,3rfgbfpPSfXY40lzRK7Syt,"You're The First, The Last, My Everything - Single Version",46,"['disco', 'soul', 'quiet storm', 'philly soul']",2111192,spotify:track:610XWgnlPtTUXWlJ0Q3jAV
Bon Iver,4LEiUm1SRbFMgfqnQTwUbQ,Second Nature,46,['indie folk'],3824509,spotify:track:0ZiZoJuytgBABtjeR9nzhE
Fito y Fitipaldis,1tZ99AnqyjgrmPwLfGU5eo,Cielo hermético,47,[],2253074,spotify:track:5aWREznXDTWJ046mUoT162
Gibson Brothers,0pRXhFeDRaYQgCp0lj2X9r,Cuba,47,['disco'],13512,spotify:track:7qhwiyufW4TrovttmetUwr
Starsailor,0G8zjE6SsFTlbglCkU8pm3,Way to Fall,47,['britpop'],230259,spotify:track:20fUrFnUxqCJvTO40j6DbA
Baiuca,2GSXsSy3YzWsp4BXfSGucS,Veleno,47,[],79178,spotify:track:0lmupWjJjkJXdzRau9DQ9B
The Turtles,2VIoWte1HPDbZ2WqHd2La7,Happy Together - Remastered,48,[],665850,spotify:track:2admbUc576sC6M0QeUkg2C
Depedro,3wpNKcE7grYUIRKCMpmBOb,Te sigo soñando (feat. Luz Casal) - En Estudio Uno,48,['singer-songwriter'],102123,spotify:track:1wyUCUuGYv9MLLL171n8mU
Lara Fabian,7ocwZINHqO9DZJgFtc1B20,I Will Love Again,48,"['variété française', 'chanson', 'french pop']",908614,spotify:track:1raT3L0NJtc10t7xNgHJZ1
Wilson Simonal,6DqFCzjARUV3xH9meu3Bya,País Tropical / Música Incidental: Sou Flamengo,48,"['mpb', 'samba', 'bossa nova']",239684,spotify:track:6uUR1PSGEmKFceOmEDssJw
Fiona Apple,3g2kUQ6tHLLbmkV7T4GPtL,Shameika,49,"['art pop', 'chamber pop']",1681351,spotify:track:2pDKE8Q40TDGPl1O11DKKn
Ginebras,5w3bs8jNvbb0QHf5Lo0sva,La Típica Canción,49,[],69973,spotify:track:6yGP9c0OkKZgdqBjec9HMu
The Horrors,7EFB09NxZrMi9pGlOnuBpd,Still Life,49,"['shoegaze', 'post-punk']",280560,spotify:track:7MCaajZP5y4nvcuxnRPhhN
Royal Blood,2S5hlvw4CMtMGswFtfdK15,Trouble’s Coming,49,"['modern rock', 'garage rock', 'rock']",1679371,spotify:track:5eR6OS3joTAHJToyzehKfu
Real Estate,41SQP16hv1TioVYqdckmxT,Darling,50,"['jangle pop', 'dream pop', 'surf rock']",408693,spotify:track:36PQh1G6h7n9VWB799fXpI
La Maravillosa Orquesta del Alcohol,1vBn5Puz4mdZopZEHq1QDq,La Inmensidad,50,[],252409,spotify:track:4VHio1B1PaxL99Qk7ESX9B
Belle and Sebastian,4I2BJf80C0skQpp1sQmA0h,Sleep the Clock Around,50,"['chamber pop', 'baroque pop']",697704,spotify:track:2WXuEYmzKaQQJbrhLnYYJV
Bryan Ferry,5RNFFojXkPRmlJZIwXeKQC,Slave To Love,51,['glam rock'],652370,spotify:track:7imzBhHn7KD6ag3letxmSt
Gina G,25tu0d8Po5c4IVXsZnXUU8,Ooh Aah...Just a Little Bit - Motiv8 Radio Edit,51,['eurodance'],30757,spotify:track:7kyMLaXepcGHIrsLqoiTB8
Sparklehorse,64tVHZVSAZhDEiOJxnb6hE,Piano Fire,51,['slowcore'],180416,spotify:track:0N3H8hAe6Lfu2iGSxGVdGQ
Sandro Giacobbe,1S3bAZkOXVuYHT9LGNzbV5,El Jardín Prohibido,51,[],44664,spotify:track:3xec1BelrzOd6v0o8HRd2l
HAIM,4Ui2kfOqGujY81UcPrb5KE,The Steps,51,[],1384870,spotify:track:7pD8e7UxjqflEpMKfbEqKg
Des'ree,73ZPfpfg1LBVvDEArK4l5B,You Gotta Be,52,[],284757,spotify:track:5Z8kUbnUQqBUzM5FsBNOAl
The Corrs,1VbWUxZTRNY2gw3qZ1tg9W,Radio,52,['celtic rock'],1228696,spotify:track:6VU7nC50rpsULZJQiPJUSs
Orchestral Manoeuvres In The Dark,7wJ9NwdRWtN92NunmXuwBk,Joan Of Arc (Maid Of Orleans) - Remastered 2003,52,"['new wave', 'synthpop']",850798,spotify:track:5WeMMlylGCVGc0ChHSysJA
Bee Gees,1LZEQNv7sE11VDY3SdxQeN,Secret Love,52,['disco'],8739696,spotify:track:6O7nMW8pIAk8m9ub6azaF9
Aystar,4HpnjNnqIjwItltmZJliMy,Kop That Shit,52,"['grime', 'drill', 'uk drill']",109424,spotify:track:0DsFdhimhkfSGEuBqY5kwE
Florence + The Machine,1moxjboGR7GNWYIMWsRjgG,Delilah,53,['baroque pop'],7060022,spotify:track:12HB8AmFTovKrFcGG36KbL
Franz Ferdinand,0XNa1vTidXlvJ2gHSsRi4A,Love Illumination,53,['indie rock'],2845926,spotify:track:06Qha323s06okpZ4LmMX7P
The National,2cCUtGK9sDU2EoElnk0GNB,I Should Live in Salt,53,['indie rock'],1664468,spotify:track:4kFmM894Q4sgHDl4pZalza
Eric B. & Rakim,6jHG1YQkqgojdEzerwvrVv,I Ain't No Joke,53,"['east coast hip hop', 'hip hop']",710983,spotify:track:0SwuCcwpFM6x4cu5zOvmi0
The Killers,0C0XlULifJtAgn6ZNCW2eu,Sam's Town,53,['alternative rock'],7751715,spotify:track:77Kh98jRHI40rIAKnBs7cl
Elvis Presley,43ZHCT0cAZBISjO8DG9PnE,"Unchained Melody (Bonus Track) - Live at Ann Arbor, MI",53,"['rockabilly', 'rock and roll']",10456308,spotify:track:2gaN1NWKJEpQVAKk8FKwOe
Lou Reed,42TFhl7WlMRXiNqzSrnzPL,Vicious,54,"['glam rock', 'proto-punk', 'art rock']",1953210,spotify:track:4A48NL57P16zSRaq3yoYry
HAIM,4Ui2kfOqGujY81UcPrb5KE,Want You Back,54,[],1384870,spotify:track:2ixswrurtpfZHrx406eGgw
Franco Battiato,4lianjyuR1tqf6oUX8kjrZ,Voglio Vederti Danzare - Remastered,54,"['italian singer-songwriter', 'singer-songwriter']",869201,spotify:track:0Yncd2CxjjlWLrIukzsk2M
Ariana Grande,66CXWjxzNUsdJxJ2JdwvnR,Just Look Up (From Don’t Look Up),54,['pop'],104469280,spotify:track:3QPBocWfIcOCdFFvmqn60F
Rodríguez,5PrHzxc3kFm4hIrGNmelpX,Inner City Blues,54,"['folk rock', 'folk']",605479,spotify:track:1pU1pXG43llTiLi1JXl57c
Noel,3aYT0KVT8R4CypWXkoV548,Silent Morning,54,"['funk melody', 'freestyle', 'miami bass']",15061,spotify:track:21brTVDh5Y3B3mA4z5yyaU
The Lively Ones,63T2P0nIRzAj4rCSwnSC8J,Surf Rider,55,['surf rock'],25565,spotify:track:7sOBuRK26Ov7CR5fRSR7Om
Wet Leg,2TwOrUcYnAlIiKmVQkkoSZ,Chaise Longue,55,"['indie rock', 'indie']",680101,spotify:track:7iqAuZe5yS0suLQcFfVK39
Wet Leg,2TwOrUcYnAlIiKmVQkkoSZ,Chaise Longue,55,"['indie rock', 'indie']",680101,spotify:track:7iqAuZe5yS0suLQcFfVK39
Milli Vanilli,3vRclCt9VnNhYIxFMQCxuM,Girl I'm Gonna Miss You - US Single Version,55,[],481942,spotify:track:122vb6LtwACmfBIWpwmN1w
Hurts,3w4VAlllkAWI6m0AV0Gn6a,Wonderful Life,56,[],360060,spotify:track:2pxpJ9lmbqPEIk3M7ezLR0
Gorillaz,3AA28KZvwAUcZuOKwyblJQ,The Valley of The Pagans (feat. Beck),56,[],13045999,spotify:track:3oP3Tfn86FRmxAGsV0TqCp
ABC,2s79xe5F6eUQkjwjww27Fh,Poison Arrow,56,"['new wave', 'synthpop']",398734,spotify:track:7abGerACQx9G1OBqHYFKAb
Kelly Rowland,3AuMNF8rQAKOzjYppFNAoB,Work - Freemasons Radio Edit,56,[],3577347,spotify:track:4h9TZLHS7AZ30pt5c1o5Em
St. Vincent,7bcbShaqKdcyjnmv4Ix8j6,Los Ageless,56,['art pop'],940578,spotify:track:2qTy3hGSbxoSenKmlKGHFw
Trueno,2x7PC78TmgqpEIjaGAZ0Oz,NO CAP,56,['argentine trap'],8941124,spotify:track:4obL4F4BpgDG7smsBJ5tT9
Spandau Ballet,2urZrEdsq72kx0UzfYN8Yv,True - Single Edit,57,"['new wave', 'synthpop']",1393010,spotify:track:6eDYgjKl4vUgRusxb7THDu
Foo Fighters,7jy3rLJdDQY21OgRLCZ9sD,Run,57,"['rock', 'post-grunge', 'alternative rock', 'grunge', 'modern rock']",12484129,spotify:track:1wLQwg0mloy3yXjL0jPE0N
Tame Impala,5INjqkS1o8h1imAzPqGZBb,It Might Be Time,57,"['indie', 'psychedelic pop']",8715911,spotify:track:558ubozatFQlweufvHa3Ip
Mahmood,06nvjg4wBANK6DCHjqtPNd,Barrio,57,[],1541431,spotify:track:1MCSc1ZxlwV5muFXKocAnW
Tricky,6hhA8TKRNryM8FNzqCqdDO,Hell Is Round The Corner,57,"['trip hop', 'downtempo']",538005,spotify:track:2wC0qK8JN6gblb0ZJzE2d9
Christine and the Queens,04vj3iPUiVh5melWr0w3xT,Christine,57,"['art pop', 'french pop']",725084,spotify:track:6tNDVXXaYWsBd3Mqhfelvl
Fabrizio De André,19HiWVd2g0XyJstBsbW2Qm,Bocca di rosa,57,"['italian singer-songwriter', 'singer-songwriter']",1327744,spotify:track:3eAjS25afRXGFSyjPQo7l2
Whitney,32aUoW94mJ7xTJI7fG0V1G,No Woman,57,[],273703,spotify:track:5KPXcfXaGOaWUqOHLDXFRP
Florence + The Machine,1moxjboGR7GNWYIMWsRjgG,Spectrum (Say My Name),58,['baroque pop'],7060022,spotify:track:7efTNoBgYZ3IsB8wpP1f7R
Måneskin,0lAWpj5szCSwM4rUMHYmrr,ZITTI E BUONI,58,[],10205545,spotify:track:1lWWoec2z1j88GRblI5anV
Pet Shop Boys,2ycnb8Er79LoH2AsR5ldjh,It's a Sin,58,"['synthpop', 'new wave']",2050732,spotify:track:3GNwCZIv4xKUiyoaQfj9Ah
Delinquent Habits,0Ph64AJnzKQwXj4y7bWi2U,Return of the Tres,58,"['latin hip hop', 'mexican hip hop']",258754,spotify:track:4XYsx8ga3fGwEFOOcauPZC
Royal Blood,2S5hlvw4CMtMGswFtfdK15,Trouble’s Coming,59,"['modern rock', 'garage rock', 'rock']",1679371,spotify:track:6voIJ7OWwRabSZDC77D5Hp
Gipsy Kings,3jc496ljiyrS3ECrD7QiqL,A Mi Manera (Comme D'Habitude),59,['flamenco'],995382,spotify:track:6I3LXAGlKejmgxXloLPiGK
Sylvan Esso,39vA9YljbnOApXKniLWBZv,Coffee,59,[],579379,spotify:track:30GGIrrJdSNtecPiFcVP5O
Sheena Easton,5dcOK4stT4JDkP6Dqhbz5s,Morning Train (Nine to Five) - Edit,60,[],723227,spotify:track:1qvDt6W8oaTO9Q4pFNMFEm
The Shins,4LG4Bs1Gadht7TCrMytQUO,Simple Song,60,"['indie', 'indie pop']",1213239,spotify:track:48bo7uexDvAThcRDvEB2W7
will.i.am,085pc2PYOi8bGKj0PNjekA,This Is Love,60,[],4336415,spotify:track:7IohFKIwrb75c4XaqX7WWo
David Guetta,1Cs0zKBU1kc0i8ypK3B9ai,When Love Takes Over (feat. Kelly Rowland),60,"['edm', 'dance']",26974460,spotify:track:619bJQ9uDi8dnXzLebFI7y
Cecilia Krull,4SLEmV2rAQ71Ts0qyDGhE8,My Life Is Going On - Música Original De La Serie De TV La Casa De Papel / Money Heist,60,[],72164,spotify:track:5ZEQjTroORCu6uWvZrdeNc
Crowded House,7ohlPA8dRBtCf92zaZCaaB,Don't Dream It's Over,61,[],957679,spotify:track:1fiDe8sb2DMEU4JGPOIEB1
Jess Glynne,4ScCswdRlyA23odg9thgIO,Hold My Hand,61,[],3110251,spotify:track:1i1rNVtxbE7rdFfpHuNq2j
Cyndi Lauper,2BTZIqw0ntH9MvilQ3ewNY,I Drove All Night,61,[],3052775,spotify:track:3J0AoQhAufniMrznCRJASD
Neil Young,6v8FB84lnmJs434UJf2Mrm,Rockin' in the Free World,61,"['classic rock', 'folk rock', 'singer-songwriter', 'roots rock']",3171975,spotify:track:4Y7fEQ4PAzhlLnLviRw2P4
Syd Matters,4kDmwaDsfY9hcvz7K0otLJ,Obstacles,61,[],114912,spotify:track:2ynCjjrmED5CfiVn2ZLkUk
Syd Matters,4kDmwaDsfY9hcvz7K0otLJ,Obstacles,61,[],114912,spotify:track:2ynCjjrmED5CfiVn2ZLkUk
Radiohead,4Z8W4fKeB5YxbusRsdQVPb,Decks Dark,61,"['art rock', 'alternative rock']",11762564,spotify:track:4mRSbPLnOm54ttkTYvxxSY
Kid Cudi,0fA0VVWsXO9YnASrzqfmYu,The Prayer,61,[],7469572,spotify:track:1SkzK37qLSi7Sp6PwYTC0A
Millencolin,74xFFXkvOq9dPDigOWTHiX,No Cigar,62,"['skate punk', 'punk', 'ska punk', 'melodic hardcore', 'pop punk', 'ska', 'hardcore punk']",415906,spotify:track:3KLkRy9l3us98SIp6mmxkk
Empire Of The Sun,67hb7towEyKvt5Z8Bx306c,We Are The People,62,[],1775022,spotify:track:57RHMnLMQx8Qz5V6c0E8dF
Beyoncé,6vWDO969PvNqNYHIOW5v0m,SUMMER RENAISSANCE,62,[],39964307,spotify:track:3HyR1j49TY5ACP2lseF1jx
The Strokes,0epOFNiUfyON9EYx7Tpr6V,Hard To Explain,63,"['garage rock', 'indie rock', 'alternative rock']",6194424,spotify:track:2LMloFiV7DHpBhITOaBSam
Arcade Fire,3kjuyTCjPG1WMFCiyc5IuB,Wake Up,63,"['indie rock', 'baroque pop']",2357907,spotify:track:6Hmj7SrLRbreLVfVS7mV1S
Fleetwood Mac,08GQAI4eElDnROBrJRGE0X,Dreams - 2004 Remaster,63,"['classic rock', 'soft rock']",12902177,spotify:track:5TDZyWDfbQFQJabbPwImVY
The Beloved,46h3caIKtqPlEfRHuSdibg,Sweet Harmony,63,['madchester'],66346,spotify:track:5lSOVaPDk7x9Ey6c9DqGZx
Swedish House Mafia,1h6Cn3P4NGzXbaXidqURXs,Don't You Worry Child,63,['edm'],3905961,spotify:track:043bfUkTydw0xJ5JjOT91w
Enigma,3DmG65yHQsMms7WAvrZOdt,Sadeness,63,"['new age', 'gregorian chant']",1010661,spotify:track:57h06SZNL6LJ3YKZ1UGCeu
David Guetta,1Cs0zKBU1kc0i8ypK3B9ai,Flames,64,"['edm', 'dance']",26974460,spotify:track:33IOhptvC2Qoy2UhjiHXLV
Jennifer Lopez,2DlGxzQSjYe5N6G9nkYghR,If You Had My Love,64,[],13502562,spotify:track:3x4yV0hW5Ve3TKhFkXSqFn
Trueno,2x7PC78TmgqpEIjaGAZ0Oz,DANCE CRIP,64,['argentine trap'],8941124,spotify:track:1kjs5eR4DMzyB0gm1Z8waV
N.W.A.,4EnEZVjo3w1cwcQYePccay,Gangsta Gangsta,64,"['gangster rap', 'west coast hip hop', 'hip hop', 'rap', 'g-funk']",6347203,spotify:track:1pOIpxfrQ8AszXZdKR3aH3
Rage Against The Machine,2d0hyoQ5ynDBnkvAbJKORj,Renegades Of Funk,65,"['rap metal', 'rap rock', 'alternative metal', 'nu metal']",6516651,spotify:track:5YBVDvTSSSiqv7KZDeUlXA
Shocking Blue,5WimOFbBnCU5wI6t5PPpEk,Venus,65,['nederpop'],170624,spotify:track:0Z3xhSOhrawLV81YdiDiiJ
Annie Lennox,5MspMQqdVbdwP6ax3GXqum,Walking on Broken Glass,65,['synthpop'],1657316,spotify:track:4CcSw8wQAHYf4XNckayPoc
Elderbrook,2vf4pRsEY6LpL5tKmqWb64,Inner Light,65,[],492348,spotify:track:40tPP3K10yMZxwnT65REKj
Latto,3MdXrJWsbVzdn6fe5JYkSQ,Big Energy,65,[],1986921,spotify:track:6Zu3aw7FfjAF9WA0fA81Oq
KC & The Sunshine Band,3mQBpAOMWYqAZyxtyeo4Lo,Please Don't Go,65,['disco'],1113375,spotify:track:4zoZQvmST8gliv9S9L8lUw
Royal Blood,2S5hlvw4CMtMGswFtfdK15,Figure It Out,66,"['modern rock', 'garage rock', 'rock']",1679371,spotify:track:3MjrueDQKVr6xDDseZwhEd
Michael Kiwanuka,0bzfPKdbXL5ezYW2z3UGQj,Cold Little Heart,66,['soul'],1587493,spotify:track:0qprlw0jfsW4H9cG0FFE0Z
Enya,6uothxMWeLWIhsGeF7cyo4,Orinoco Flow - 2009 Remaster,66,"['new age', 'celtic']",2407002,spotify:track:4bQNusmmVudLxIiexglzh6
Rodrigo Amarante,0UOrkpzPED604dKzxgfJqg,Tuyo (Narcos Theme) - A Netflix Original Series Soundtrack,66,['nova mpb'],265506,spotify:track:6Dc2tCivms1s2X9myWe4ni
jev.,6OmxkansdRyVTvo6BpZzKF,where's the confetti?,66,"['jazz rap', 'alternative hip hop']",173007,spotify:track:3VL3aSOA8O3b5iOVBkD9iD
Dua Lipa,6M2wZ9GZgrQXHCFfjv46we,Be the One,67,['pop'],45739949,spotify:track:1ixphys4A3NEXp6MDScfih
Lucy Dacus,07D1Bjaof0NFlU32KXiqUP,Night Shift,67,[],573453,spotify:track:1yYlpGuBiRRf33e1gY61bN
Riton,7i9j813KFoSBMldGqlh2Z1,Turn Me On (feat. Vula),68,['house'],154686,spotify:track:0qaWEvPkts34WF68r8Dzx9
Jon Secada,10n1KB2sjTrGdyuC83y8jW,Otro Día Más Sin Verte,68,[],442877,spotify:track:7i38EXhbFJjF5tGvTsJMmx
Aloe Blacc,0id62QV2SZZfvBn9xpmuCl,I Need A Dollar,68,[],742088,spotify:track:3oUphdZVPyrsprZ8FgbmQS
Tom Walker,7z2avKuuiMAT4XZJFv8Rvh,Leave a Light On,69,[],1297782,spotify:track:6lOWoTqVnAWXchddtTH31W
Modern Talking,79bxUQsBIXO8nVLB9fYKf7,"You're My Heart, You're My Soul",69,"['italo disco', 'europop', 'eurodance']",2001192,spotify:track:0Zn63G0XTiqXwr1KSmARWz
MEDUZA,0xRXCcSX89eobfrshSVdyu,Piece Of Your Heart,69,[],892948,spotify:track:1DFD5Fotzgn6yYXkYsKiGs
Wet Wet Wet,2u0gw0uCWBMiqV7h0N8kai,"Love Is All Around - From ""Four Weddings And A Funeral""",70,[],556050,spotify:track:0PCGfA36HrVPmsBZJ57zOU
The Proclaimers,1A92IAcd7A6npCA33oGM5i,I'm Gonna Be (500 Miles),70,[],361437,spotify:track:66S14BkJDxgkYxLl5DCqOz
Sufjan Stevens,4MXUO7sVCaFgFjoTI5ox5c,Futile Devices (Doveman Remix),71,"['chamber pop', 'baroque pop']",2193057,spotify:track:5vTSnZTmS1gMiWuA9kDE19
Sufjan Stevens,4MXUO7sVCaFgFjoTI5ox5c,Mystery of Love,71,"['chamber pop', 'baroque pop']",2193057,spotify:track:5GbVzc6Ex5LYlLJqzRQhuy
Rage Against The Machine,2d0hyoQ5ynDBnkvAbJKORj,Guerrilla Radio,71,"['rap metal', 'rap rock', 'alternative metal', 'nu metal']",6516651,spotify:track:1wsRitfRRtWyEapl0q22o8
Shakira,0EmeFodog0BfCgMzAIvKQp,Monotonía,71,"['latin pop', 'latin']",37309683,spotify:track:6G12ZafqofSq7YtrMqUm76
Major Lazer,738wLrAtLtCtFOLvQBXOXp,Lean On (feat. MØ & DJ Snake),72,['moombahton'],6267121,spotify:track:2YWjW3wwQIBLNhxWKBQd16
Stardust,2w7IutHv5g4e8LumrwtjWR,Music Sounds Better With You,72,['french house'],91881,spotify:track:303ccTay2FiDTZ9fZ2AdBt
Frank Ocean,2h93pZq0e7k5yf4dywlkpM,Nikes,73,[],18238573,spotify:track:19YKaevk2bce4odJkP5L22
Green Day,7oPftvlwr6VrsViSDV7fJY,Boulevard of Broken Dreams,73,"['punk', 'pop punk']",16378876,spotify:track:5GorCbAP4aL0EJ16frG2hd
Crowded House,7ohlPA8dRBtCf92zaZCaaB,Don't Dream It's Over,73,[],957679,spotify:track:56GbZVwxMdf1DENCluYS8A
Rauw Alejandro,1mcTU81TzQhprhouKaTkpq,Todo De Ti,73,"['reggaeton', 'urbano latino', 'trap latino', 'latin']",27466970,spotify:track:4fSIb4hdOQ151TILNsSEaF
Shakira,0EmeFodog0BfCgMzAIvKQp,Te Felicito,73,"['latin pop', 'latin']",37309683,spotify:track:2rurDawMfoKP4uHyb2kJBt
Crowded House,7ohlPA8dRBtCf92zaZCaaB,Don't Dream It's Over,73,[],957679,spotify:track:56GbZVwxMdf1DENCluYS8A
Drake,3TVXtAsR1Inumwj472S9r4,In My Feelings,74,"['rap', 'hip hop']",97255715,spotify:track:2G7V7zsVDxg1yRsu7Ew9RJ
Black Pumas,6eU0jV2eEZ8XTM7EmlguK6,Colors,74,['retro soul'],1118360,spotify:track:6J3HNhDBIwEX11bX8hzx5u
Jason Derulo,07YZf4WDAMNwqr4jfgOZ8y,Want to Want Me,75,[],12444827,spotify:track:7oGZAicScQt96OAW4AruYy
Jason Derulo,07YZf4WDAMNwqr4jfgOZ8y,Want to Want Me,75,[],12444827,spotify:track:7oGZAicScQt96OAW4AruYy
Prince,5a2EaR3hamoenG9rDuVn8j,Kiss,75,['funk rock'],7650182,spotify:track:62LJFaYihsdVrrkgUOJC05
Lil Nas X,7jVv8c5Fj3E9VhNjxT4snq,INDUSTRY BABY (feat. Jack Harlow),75,[],12369571,spotify:track:27NovPIUIRrOZoCHxABJwK
Lil Nas X,7jVv8c5Fj3E9VhNjxT4snq,THATS WHAT I WANT,75,[],12369571,spotify:track:0e8nrvls4Qqv5Rfa2UhqmO
Aerosmith,7Ey4PD4MYsKc5I2dolUwbH,Sweet Emotion,75,"['classic rock', 'rock']",15307521,spotify:track:73TxYZd0lBCVRrHawrAglA
Dua Lipa,6M2wZ9GZgrQXHCFfjv46we,Physical,76,['pop'],45739949,spotify:track:3AzjcOeAmA57TIOr9zF1ZW
Billie Eilish,6qqNVTkY8uBg9cP3Jd7DAH,bury a friend,76,[],109454115,spotify:track:4SSnFejRGlZikf02HLewEF
Dexys Midnight Runners,4QTVePrFu1xuGM9K0kNXkk,Come On Eileen,77,[],289209,spotify:track:3MrWxJaD2AT0W9DjWF64Vm
Dido,2mpeljBig2IXLXRAFO9AAs,Thank You,77,[],2013317,spotify:track:3yUcJwYu7fXAfqMj9krY6l
Radiohead,4Z8W4fKeB5YxbusRsdQVPb,Exit Music (For A Film),77,"['art rock', 'alternative rock']",11762564,spotify:track:0z1o5L7HJx562xZSATcIpY
Foo Fighters,7jy3rLJdDQY21OgRLCZ9sD,The Pretender,78,"['rock', 'post-grunge', 'alternative rock', 'grunge', 'modern rock']",12484129,spotify:track:7x8dCjCr0x6x2lXKujYD34
The Human League,1aX2dmV8XoHYCOQRxjPESG,Don't You Want Me,78,"['new wave', 'synthpop']",1221995,spotify:track:3L7RtEcu1Hw3OXrpnthngx
Linkin Park,6XyY86QOPPrYVGvF9ch6wz,Somewhere I Belong,79,"['nu metal', 'rap metal', 'rock', 'alternative metal']",29325790,spotify:track:3fjmSxt0PskST13CSdBUFx
Natalia Lafourcade,1hcdI2N1023RvSwLzTtdsp,Hasta la Raíz,79,"['latin folk', 'bolero', 'latin indie', 'latin alternative']",5012713,spotify:track:3lGMtkONrZdJ8kTCg6KIFf
Kim Carnes,5PN2aHIvLEM98XIorsPMhE,Bette Davis Eyes,79,[],398196,spotify:track:0odIT9B9BvOCnXfS0e4lB5
Daft Punk,4tZwfgrHOc3mvqYlEYSvVi,Instant Crush (feat. Julian Casablancas),79,"['french house', 'electronic', 'electro']",10547602,spotify:track:2cGxRwrMyEAp8dEbuZaVv6
Sia,5WUlDfRSoLAfcVSX1WnrxN,Cheap Thrills,80,[],29611773,spotify:track:27SdWb2rFzO6GWiYDBTD9j
Gotye,2AsusXITU8P25dlRNhcAbG,Somebody That I Used To Know,81,[],2250967,spotify:track:1qDrWA6lyx8cLECdZE7TV7
Arctic Monkeys,7Ln80lUS6He07XvHI8qqHH,R U Mine?,81,"['indie', 'garage rock', 'indie rock']",29507848,spotify:track:2AT8iROs4FQueDv2c8q2KE
Rage Against The Machine,2d0hyoQ5ynDBnkvAbJKORj,Killing In The Name,81,"['rap metal', 'rap rock', 'alternative metal', 'nu metal']",6516651,spotify:track:59WN2psjkt1tyaxjspN8fp
The Strokes,0epOFNiUfyON9EYx7Tpr6V,The Adults Are Talking,81,"['garage rock', 'indie rock', 'alternative rock']",6194424,spotify:track:5ruzrDWcT0vuJIOMW7gMnW
Natalie Imbruglia,0dlOr0VIysztGWvU1dpjmP,Torn,81,[],1101173,spotify:track:1Jaah2tmN9Hv81A87KZ1MU
Charli xcx,25uiPmTg16RbhZWAqwLBy5,Von dutch,81,"['hyperpop', 'art pop']",5177024,spotify:track:3Y1EvIgEVw51XtgNEgpz5c
The Weeknd,1Xyo4u8uXC1ZmMpatF05PJ,After Hours,82,[],102259045,spotify:track:2p8IUWQDrpjuFltbdgLOag
The Rolling Stones,22bE4uQ6baNwSHPVcDxLCe,"Paint It, Black",82,"['classic rock', 'rock']",15113780,spotify:track:63T7DJ1AFDD6Bn8VzG6JE8
Red Hot Chili Peppers,0L8ExT028jH3ddEcZwqJJ5,Under the Bridge,83,"['funk rock', 'alternative rock', 'rock']",22271474,spotify:track:3d9DChrdc6BOeFsbrZ3Is0
Whitney Houston,6XpaIBNiVzIetEPCWDvAFP,I Wanna Dance with Somebody (Who Loves Me),83,[],11026853,spotify:track:2tUBqZG2AbRi7Q0BIrVrEj
Dua Lipa,6M2wZ9GZgrQXHCFfjv46we,Houdini,84,['pop'],45739949,spotify:track:6D8y7Bck8h11byRY88Pt2z
Lola Young,67FB4n52MgexGQIG8s0yUH,Messy,91,[],925851,spotify:track:3SKH53SPQbEnZR4cJPVaz2
